{
    "best_profile": "gaussian",
    "best_reflectance": 0.0023005942934203444,
    "all_results": {
        "parabolic": {
            "parameters": {
                "height": 3.46780351643984e-07,
                "period": 2.7000887626001865e-07,
                "base_width": 2.0550782122701804e-07,
                "rms_roughness": 2.1286754690618337e-09,
                "interface_roughness": 3.5878443237216387e-09,
                "refractive_index": 1.5629109529401675,
                "extinction_coefficient": 0.0036394733186199775,
                "substrate_index": 3.4354693345098304,
                "profile_type": "parabolic"
            },
            "reflectance": 0.002614214149216906
        },
        "conical": {
            "parameters": {
                "height": 3.1430652842940893e-07,
                "period": 2.975215544285228e-07,
                "base_width": 2.3543041847813606e-07,
                "rms_roughness": 2.020865378137731e-09,
                "interface_roughness": 3.4132483482659683e-09,
                "refractive_index": 1.4063147630195407,
                "extinction_coefficient": 0.004840384511413512,
                "substrate_index": 3.4074480497754527,
                "profile_type": "conical",
                "manufacturing_method": "Interference lithography or soft lithography (cost-effective for large area)",
                "manufacturing_yield": 100.0
            },
            "reflectance": 0.0025293446408916256
        },
        "gaussian": {
            "parameters": {
                "height": 3.9708792038094205e-07,
                "period": 2.772300647057193e-07,
                "base_width": 2.1267872525843706e-07,
                "rms_roughness": 2.209134245751863e-09,
                "interface_roughness": 3.71595335011448e-09,
                "refractive_index": 1.5746340117331112,
                "extinction_coefficient": 0.002839729822696334,
                "substrate_index": 3.4251901246510226,
                "profile_type": "gaussian"
            },
            "reflectance": 0.0023005942934203444
        },
        "quintic": {
            "parameters": {
                "height": 3.157486407123179e-07,
                "period": 2.9422442945093956e-07,
                "base_width": 2.3513254186853257e-07,
                "rms_roughness": 2.0073660084363177e-09,
                "interface_roughness": 1.3950522940129544e-09,
                "refractive_index": 1.4084566481424483,
                "extinction_coefficient": 0.004451398489798541,
                "substrate_index": 3.4130864616790424,
                "profile_type": "quintic"
            },
            "reflectance": 0.005318794990875803
        }
    },
    "timestamp": "2025-07-09T19:34:24.324955"
}