{
    "best_profile": "conical",
    "best_reflectance": 0.0024790016010171746,
    "all_results": {
        "parabolic": {
            "parameters": {
                "height": 2.5015655658368766e-07,
                "period": 2.78408483188149e-07,
                "base_width": 2.2115332071480337e-07,
                "rms_roughness": 2.012816450508044e-09,
                "interface_roughness": 2.13232777820708e-09,
                "refractive_index": 1.4035378023893907,
                "extinction_coefficient": 0.004929632314800734,
                "substrate_index": 3.4630695126302222,
                "profile_type": "parabolic"
            },
            "reflectance": 0.00391394009532571
        },
        "conical": {
            "parameters": {
                "height": 2.838871974785554e-07,
                "period": 2.9862674519631076e-07,
                "base_width": 2.3085559265666503e-07,
                "rms_roughness": 2.063309820895403e-09,
                "interface_roughness": 1.372180491550775e-09,
                "refractive_index": 1.4086330507387128,
                "extinction_coefficient": 0.004596809221386654,
                "substrate_index": 3.5164915478307126,
                "profile_type": "conical",
                "manufacturing_method": "Interference lithography or soft lithography (cost-effective for large area)",
                "manufacturing_yield": 100.0
            },
            "reflectance": 0.0024790016010171746
        },
        "gaussian": {
            "parameters": {
                "height": 2.712103749306424e-07,
                "period": 2.883292688234595e-07,
                "base_width": 2.260876144043292e-07,
                "rms_roughness": 2.003996231236882e-09,
                "interface_roughness": 1.9581140020693114e-09,
                "refractive_index": 1.4016162065977245,
                "extinction_coefficient": 0.0031637851655472653,
                "substrate_index": 3.4357623336322636,
                "profile_type": "gaussian"
            },
            "reflectance": 0.004445210636897607
        },
        "quintic": {
            "parameters": {
                "height": 2.793128412353491e-07,
                "period": 2.867571680422614e-07,
                "base_width": 2.283767123181226e-07,
                "rms_roughness": 2.0621882213035934e-09,
                "interface_roughness": 2.609775312523915e-09,
                "refractive_index": 1.417736347443774,
                "extinction_coefficient": 0.0017535696599835532,
                "substrate_index": 3.445844131772692,
                "profile_type": "quintic"
            },
            "reflectance": 0.0061576727068879305
        }
    },
    "timestamp": "2025-07-12T01:24:34.226253"
}