{
    "best_profile": "conical",
    "best_reflectance": 0.002575103411094836,
    "all_results": {
        "parabolic": {
            "parameters": {
                "height": 2.622423400328761e-07,
                "period": 2.770759864279792e-07,
                "base_width": 2.200995635219903e-07,
                "rms_roughness": 2.014158587529241e-09,
                "interface_roughness": 3.819529317765557e-09,
                "refractive_index": 1.415832998977408,
                "extinction_coefficient": 0.0023997006379362527,
                "substrate_index": 3.483215801637974,
                "profile_type": "parabolic"
            },
            "reflectance": 0.004081287927740072
        },
        "conical": {
            "parameters": {
                "height": 2.888542861932276e-07,
                "period": 2.953538440890664e-07,
                "base_width": 2.3390861430314696e-07,
                "rms_roughness": 2.049376627350961e-09,
                "interface_roughness": 2.269893147352813e-09,
                "refractive_index": 1.4121957942973358,
                "extinction_coefficient": 0.001970777901611905,
                "substrate_index": 3.508082025684847,
                "profile_type": "conical",
                "manufacturing_method": "Interference lithography or soft lithography (cost-effective for large area)",
                "manufacturing_yield": 100.0
            },
            "reflectance": 0.002575103411094836
        },
        "gaussian": {
            "parameters": {
                "height": 2.6461529650052456e-07,
                "period": 2.8836580974578543e-07,
                "base_width": 2.2819815355290636e-07,
                "rms_roughness": 2.140134285603698e-09,
                "interface_roughness": 2.264423744853614e-09,
                "refractive_index": 1.4073705143691493,
                "extinction_coefficient": 0.0018067480545577081,
                "substrate_index": 3.467846314754821,
                "profile_type": "gaussian"
            },
            "reflectance": 0.004565316735087789
        },
        "quintic": {
            "parameters": {
                "height": 2.7214308872183293e-07,
                "period": 2.9246391222070086e-07,
                "base_width": 2.3001579392053423e-07,
                "rms_roughness": 2.2219071124563984e-09,
                "interface_roughness": 1.8538106797389447e-09,
                "refractive_index": 1.4012235499287073,
                "extinction_coefficient": 0.0016025536999876924,
                "substrate_index": 3.4875466542881046,
                "profile_type": "quintic"
            },
            "reflectance": 0.005893236641256468
        }
    },
    "timestamp": "2025-07-15T08:14:56.527915"
}